method,k,num_files,coverage_mean,coverage_std,cd_mean,cd_std,l2_mean,l2_std
active-gs-gt-depth,1,18,0.134569,0.033899,0.723450,0.317093,0.190226,0.113305
active-gs-gt-depth,2,18,0.228262,0.077110,0.598053,0.318087,0.168886,0.094403
active-gs-gt-depth,3,18,0.311262,0.116688,0.565029,0.300801,0.248170,0.152977
active-gs-gt-depth,4,18,0.353609,0.153512,0.532296,0.322916,0.212962,0.123334
active-gs-gt-depth,5,18,0.375889,0.170374,0.527180,0.324602,0.226932,0.106578
active-gs-gt-depth,6,18,0.401324,0.182994,0.531913,0.324421,0.256469,0.124892
active-gs-gt-depth,7,18,0.430771,0.201788,0.528375,0.322703,0.227367,0.118545
active-gs-gt-depth,8,18,0.445635,0.212561,0.533288,0.320143,0.234789,0.120892
active-gs-gt-depth,9,18,0.478866,0.232090,0.535598,0.319217,0.237173,0.110972
active-gs-gt-depth,10,18,0.496230,0.242642,0.535059,0.322028,0.251326,0.129581
active-gs-gt-depth,11,18,0.506426,0.250303,0.528749,0.323639,0.234080,0.112641
active-gs-gt-depth,12,18,0.519269,0.258621,0.545351,0.312889,0.245021,0.108388
active-gs-gt-depth,13,18,0.533039,0.267816,0.533055,0.320502,0.225072,0.102101
active-gs-gt-depth,14,18,0.543208,0.274546,0.539234,0.315739,0.221673,0.092326
active-gs-gt-depth,15,18,0.546957,0.277244,0.532802,0.320574,0.217173,0.086410
active-gs-gt-depth,16,18,0.550523,0.279718,0.527974,0.323377,0.209226,0.073459
active-gs-gt-depth,17,18,0.554654,0.282607,0.523914,0.328863,0.199146,0.050166
active-gs-gt-depth,18,18,0.558340,0.285178,0.521594,0.331960,0.183852,0.045643
active-gs-gt-depth,19,18,0.561201,0.287188,0.523821,0.331401,0.188547,0.052795
active-gs-gt-depth,20,18,0.564200,0.289275,0.515345,0.335810,0.190099,0.063901
active-gs-gt-depth,21,18,0.566984,0.291171,0.519975,0.333562,0.187438,0.059952
active-gs-gt-depth,22,18,0.569072,0.292657,0.517803,0.335644,0.185318,0.054858
active-gs-gt-depth,23,18,0.571630,0.294484,0.517539,0.334098,0.191081,0.059135
active-gs-gt-depth,24,18,0.572908,0.295393,0.518753,0.334722,0.191054,0.059409
active-gs-gt-depth,25,18,0.574620,0.296597,0.514046,0.335294,0.193876,0.064964
active-gs-gt-depth,26,18,0.576250,0.297759,0.504250,0.340768,0.187266,0.053707
active-gs-gt-depth,27,18,0.577585,0.298689,0.504724,0.340962,0.191651,0.061115
active-gs-gt-depth,28,18,0.578879,0.299587,0.500331,0.343556,0.190037,0.060826
active-gs-gt-depth,29,18,0.579956,0.300320,0.505918,0.337395,0.193123,0.063646
active-gs-gt-depth,30,18,0.581397,0.301322,0.499539,0.342049,0.194986,0.062925
active-gs-gt-depth,31,18,0.582678,0.302226,0.492488,0.346018,0.186587,0.054351
active-gs-gt-depth,32,18,0.584651,0.303611,0.488500,0.348469,0.182573,0.053939
active-gs-gt-depth,33,18,0.585568,0.304254,0.482270,0.351975,0.182759,0.051666
active-gs-gt-depth,34,18,0.586198,0.304694,0.474649,0.356653,0.183552,0.051122
active-gs-gt-depth,35,18,0.586931,0.305215,0.475435,0.356828,0.182903,0.050216
active-gs-gt-depth,36,18,0.587721,0.305774,0.478348,0.355010,0.180093,0.051975
active-gs-gt-depth,37,18,0.588811,0.306546,0.474094,0.357191,0.183417,0.049150
active-gs-gt-depth,38,18,0.589317,0.306901,0.475941,0.355920,0.184819,0.050704
active-gs-gt-depth,39,18,0.589994,0.307387,0.475461,0.356286,0.184293,0.047947
active-gs-gt-depth,40,18,0.590343,0.307633,0.472748,0.358420,0.183860,0.048110
active-gs-gt-depth,41,18,0.591006,0.308101,0.470672,0.359932,0.187754,0.051510
active-gs-gt-depth,42,18,0.591551,0.308485,0.466555,0.362118,0.189150,0.052224
active-gs-gt-depth,43,18,0.592063,0.308844,0.465721,0.363115,0.186475,0.052788
active-gs-gt-depth,44,18,0.592506,0.309153,0.464679,0.363803,0.186829,0.051167
active-gs-gt-depth,45,18,0.593018,0.309510,0.463599,0.365011,0.185747,0.050223
active-gs-gt-depth,46,18,0.593485,0.309846,0.461960,0.365791,0.186594,0.049160
active-gs-gt-depth,47,18,0.593842,0.310100,0.459898,0.367053,0.186413,0.046917
active-gs-gt-depth,48,18,0.594529,0.310581,0.460437,0.366906,0.184804,0.045590
active-gs-gt-depth,49,18,0.595041,0.310949,0.458894,0.368070,0.186300,0.047032
active-gs-gt-depth,50,18,0.595627,0.311352,0.455911,0.369401,0.188797,0.049186
active-gs-gt-depth,51,18,0.596176,0.311736,0.455080,0.369937,0.191788,0.050545
active-gs-gt-depth,52,18,0.596811,0.312172,0.457756,0.368959,0.190756,0.051741
active-gs-gt-depth,53,18,0.597267,0.312492,0.457204,0.369284,0.189298,0.050970
active-gs-gt-depth,54,18,0.597520,0.312673,0.457900,0.368664,0.188484,0.049777
active-gs-gt-depth,55,18,0.597693,0.312796,0.458540,0.368350,0.188014,0.049236
active-gs-gt-depth,56,18,0.598233,0.313174,0.459306,0.368099,0.185996,0.049827
active-gs-gt-depth,57,18,0.598566,0.313409,0.458123,0.368903,0.185116,0.049789
active-gs-gt-depth,58,18,0.598995,0.313716,0.457064,0.369514,0.187211,0.048526
active-gs-gt-depth,59,18,0.599330,0.313948,0.455333,0.370362,0.188113,0.049102
active-gs-gt-depth,60,18,0.599632,0.314165,0.455024,0.370308,0.187427,0.048761
active-gs-gt-depth,61,18,0.599632,0.314165,0.455024,0.370308,0.187427,0.048761
active-gs-gt-depth,62,18,0.599632,0.314165,0.455024,0.370308,0.187427,0.048761
active-gs-gt-depth,63,18,0.599632,0.314165,0.455024,0.370308,0.187427,0.048761
active-gs-gt-depth,64,18,0.599632,0.314165,0.455024,0.370308,0.187427,0.048761
active-gs-gt-depth,65,18,0.599632,0.314165,0.455024,0.370308,0.187427,0.048761
active-gs-gt-depth,66,18,0.599632,0.314165,0.455024,0.370308,0.187427,0.048761
active-gs-gt-depth,67,18,0.599632,0.314165,0.455024,0.370308,0.187427,0.048761
active-gs-gt-depth,68,18,0.599632,0.314165,0.455024,0.370308,0.187427,0.048761
active-gs-gt-depth,69,18,0.599632,0.314165,0.455024,0.370308,0.187427,0.048761
active-gs-gt-depth,70,18,0.599632,0.314165,0.455024,0.370308,0.187427,0.048761
active-gs-gt-depth,71,18,0.599632,0.314165,0.455024,0.370308,0.187427,0.048761
active-gs-gt-depth,72,18,0.599632,0.314165,0.455024,0.370308,0.187427,0.048761
active-gs-gt-depth,73,18,0.599632,0.314165,0.455024,0.370308,0.187427,0.048761
active-gs-gt-depth,74,18,0.599632,0.314165,0.455024,0.370308,0.187427,0.048761
active-gs-gt-depth,75,18,0.599632,0.314165,0.455024,0.370308,0.187427,0.048761
active-gs-gt-depth,76,18,0.599632,0.314165,0.455024,0.370308,0.187427,0.048761
active-gs-gt-depth,77,18,0.599632,0.314165,0.455024,0.370308,0.187427,0.048761
active-gs-gt-depth,78,18,0.599632,0.314165,0.455024,0.370308,0.187427,0.048761
active-gs-gt-depth,79,18,0.599632,0.314165,0.455024,0.370308,0.187427,0.048761
active-gs-gt-depth,80,18,0.599632,0.314165,0.455024,0.370308,0.187427,0.048761
active-gs-pred-depth,1,18,0.134569,0.033899,0.722580,0.316724,0.190226,0.113305
active-gs-pred-depth,2,18,0.241082,0.089936,0.595247,0.314513,0.212512,0.152144
active-gs-pred-depth,3,18,0.332812,0.129021,0.535051,0.319071,0.304872,0.179478
active-gs-pred-depth,4,18,0.385956,0.151716,0.498426,0.343202,0.357776,0.198977
active-gs-pred-depth,5,18,0.414033,0.165278,0.495919,0.340577,0.345162,0.194755
active-gs-pred-depth,6,18,0.440522,0.180065,0.494305,0.340365,0.342259,0.184448
active-gs-pred-depth,7,18,0.455493,0.189310,0.490027,0.343013,0.321415,0.153298
active-gs-pred-depth,8,18,0.480344,0.202078,0.476273,0.350268,0.345873,0.173544
active-gs-pred-depth,9,18,0.501072,0.214047,0.487815,0.343701,0.345881,0.175467
active-gs-pred-depth,10,18,0.514944,0.221836,0.481891,0.347520,0.337339,0.174976
active-gs-pred-depth,11,18,0.522698,0.226772,0.481798,0.348219,0.331548,0.156783
active-gs-pred-depth,12,18,0.526470,0.229360,0.485568,0.344982,0.326405,0.157723
active-gs-pred-depth,13,18,0.532913,0.233621,0.489333,0.342842,0.312242,0.143630
active-gs-pred-depth,14,18,0.543499,0.240656,0.496434,0.338039,0.309854,0.144634
active-gs-pred-depth,15,18,0.547759,0.242866,0.495881,0.339158,0.307202,0.159552
active-gs-pred-depth,16,18,0.550145,0.244260,0.507403,0.332903,0.305140,0.162132
active-gs-pred-depth,17,18,0.556914,0.248553,0.498185,0.338606,0.289595,0.147955
active-gs-pred-depth,18,18,0.558567,0.249693,0.501717,0.336069,0.285161,0.135462
active-gs-pred-depth,19,18,0.560603,0.251112,0.504032,0.334591,0.280232,0.134597
active-gs-pred-depth,20,18,0.563800,0.253213,0.505005,0.335131,0.272304,0.131867
active-gs-pred-depth,21,18,0.566568,0.255154,0.503525,0.335288,0.270589,0.137788
active-gs-pred-depth,22,18,0.569234,0.256929,0.505186,0.334405,0.269202,0.136304
active-gs-pred-depth,23,18,0.571329,0.258254,0.504668,0.335084,0.262052,0.131690
active-gs-pred-depth,24,18,0.572628,0.259219,0.507365,0.333623,0.261764,0.132380
active-gs-pred-depth,25,18,0.573462,0.259814,0.507094,0.333011,0.257280,0.128927
active-gs-pred-depth,26,18,0.574251,0.260410,0.508275,0.332336,0.251705,0.125283
active-gs-pred-depth,27,18,0.574658,0.260710,0.506913,0.333245,0.248306,0.126264
active-gs-pred-depth,28,18,0.575138,0.261061,0.508483,0.332714,0.246640,0.127616
active-gs-pred-depth,29,18,0.576383,0.261880,0.507484,0.333426,0.244139,0.127419
active-gs-pred-depth,30,18,0.576671,0.262075,0.508763,0.332358,0.246260,0.128975
active-gs-pred-depth,31,18,0.576797,0.262166,0.509232,0.332327,0.245295,0.130515
active-gs-pred-depth,32,18,0.576972,0.262299,0.509461,0.332072,0.245257,0.131256
active-gs-pred-depth,33,18,0.577508,0.262684,0.511818,0.331311,0.245921,0.131376
active-gs-pred-depth,34,18,0.577667,0.262804,0.512292,0.330886,0.246229,0.131807
active-gs-pred-depth,35,18,0.579771,0.264312,0.513328,0.330550,0.245145,0.129601
active-gs-pred-depth,36,18,0.580544,0.264890,0.515046,0.330022,0.245850,0.127540
active-gs-pred-depth,37,18,0.580626,0.264953,0.516915,0.328895,0.245669,0.127815
active-gs-pred-depth,38,18,0.580904,0.265166,0.515551,0.329598,0.245793,0.128279
active-gs-pred-depth,39,18,0.581066,0.265291,0.515465,0.329732,0.247267,0.128064
active-gs-pred-depth,40,18,0.582029,0.266060,0.515651,0.329712,0.247705,0.126281
active-gs-pred-depth,41,18,0.582218,0.266202,0.517230,0.328978,0.248087,0.125774
active-gs-pred-depth,42,18,0.582319,0.266282,0.517699,0.328640,0.246239,0.124853
active-gs-pred-depth,43,18,0.582407,0.266349,0.517133,0.329196,0.245843,0.124296
active-gs-pred-depth,44,18,0.582568,0.266477,0.516453,0.329289,0.244626,0.124649
active-gs-pred-depth,45,18,0.582717,0.266598,0.515232,0.329975,0.245077,0.124820
active-gs-pred-depth,46,18,0.582771,0.266640,0.515550,0.329945,0.242220,0.123874
active-gs-pred-depth,47,18,0.583075,0.266876,0.516245,0.329808,0.241219,0.123729
active-gs-pred-depth,48,18,0.583106,0.266900,0.514722,0.330396,0.241926,0.123893
active-gs-pred-depth,49,18,0.583161,0.266943,0.513285,0.330955,0.242073,0.123886
active-gs-pred-depth,50,18,0.583416,0.267139,0.513790,0.330726,0.241663,0.123704
active-gs-pred-depth,51,18,0.583437,0.267155,0.513312,0.330942,0.242216,0.123955
active-gs-pred-depth,52,18,0.583442,0.267160,0.513971,0.330647,0.241900,0.123807
active-gs-pred-depth,53,18,0.583444,0.267161,0.514000,0.330635,0.241247,0.123543
active-gs-pred-depth,54,18,0.583541,0.267237,0.514176,0.330560,0.240508,0.123316
active-gs-pred-depth,55,18,0.583562,0.267254,0.514252,0.330528,0.240326,0.123271
active-gs-pred-depth,56,18,0.583562,0.267254,0.514252,0.330528,0.240326,0.123271
active-gs-pred-depth,57,18,0.583562,0.267254,0.514252,0.330528,0.240326,0.123271
active-gs-pred-depth,58,18,0.583562,0.267254,0.514252,0.330528,0.240326,0.123271
active-gs-pred-depth,59,18,0.583562,0.267254,0.514252,0.330528,0.240326,0.123271
active-gs-pred-depth,60,18,0.583562,0.267254,0.514252,0.330528,0.240326,0.123271
active-gs-pred-depth,61,18,0.583562,0.267254,0.514252,0.330528,0.240326,0.123271
active-gs-pred-depth,62,18,0.583562,0.267254,0.514252,0.330528,0.240326,0.123271
active-gs-pred-depth,63,18,0.583562,0.267254,0.514252,0.330528,0.240326,0.123271
active-gs-pred-depth,64,18,0.583562,0.267254,0.514252,0.330528,0.240326,0.123271
active-gs-pred-depth,65,18,0.583562,0.267254,0.514252,0.330528,0.240326,0.123271
active-gs-pred-depth,66,18,0.583562,0.267254,0.514252,0.330528,0.240326,0.123271
active-gs-pred-depth,67,18,0.583562,0.267254,0.514252,0.330528,0.240326,0.123271
active-gs-pred-depth,68,18,0.583562,0.267254,0.514252,0.330528,0.240326,0.123271
active-gs-pred-depth,69,18,0.583562,0.267254,0.514252,0.330528,0.240326,0.123271
active-gs-pred-depth,70,18,0.583562,0.267254,0.514252,0.330528,0.240326,0.123271
active-gs-pred-depth,71,18,0.583562,0.267254,0.514252,0.330528,0.240326,0.123271
active-gs-pred-depth,72,18,0.583562,0.267254,0.514252,0.330528,0.240326,0.123271
active-gs-pred-depth,73,18,0.583562,0.267254,0.514252,0.330528,0.240326,0.123271
active-gs-pred-depth,74,18,0.583562,0.267254,0.514252,0.330528,0.240326,0.123271
active-gs-pred-depth,75,18,0.583562,0.267254,0.514252,0.330528,0.240326,0.123271
active-gs-pred-depth,76,18,0.583562,0.267254,0.514252,0.330528,0.240326,0.123271
active-gs-pred-depth,77,18,0.583562,0.267254,0.514252,0.330528,0.240326,0.123271
active-gs-pred-depth,78,18,0.583562,0.267254,0.514252,0.330528,0.240326,0.123271
active-gs-pred-depth,79,18,0.583562,0.267254,0.514252,0.330528,0.240326,0.123271
active-gs-pred-depth,80,18,0.583562,0.267254,0.514252,0.330528,0.240326,0.123271
gleam-gt-depth,1,18,0.085075,0.029507,0.686571,0.270984,0.259220,0.217833
gleam-gt-depth,2,18,0.175604,0.036456,0.469623,0.169718,0.109531,0.083054
gleam-gt-depth,3,18,0.254627,0.049891,0.468700,0.054214,0.092009,0.138581
gleam-gt-depth,4,18,0.341085,0.028764,0.464520,0.044505,0.105802,0.109990
gleam-gt-depth,5,18,0.359618,0.033496,0.254858,0.099517,0.130513,0.114707
gleam-gt-depth,6,18,0.374109,0.040713,0.206646,0.119279,0.134410,0.115255
gleam-gt-depth,7,18,0.392270,0.047176,0.226252,0.120016,0.117374,0.117998
gleam-gt-depth,8,18,0.418149,0.049393,0.217789,0.118319,0.159636,0.177206
gleam-gt-depth,9,18,0.423679,0.046825,0.191984,0.108269,0.141774,0.143770
gleam-gt-depth,10,18,0.434068,0.036444,0.185175,0.116569,0.154086,0.218383
gleam-gt-depth,11,18,0.444426,0.032691,0.176998,0.107324,0.162255,0.244415
gleam-gt-depth,12,18,0.449054,0.032616,0.176735,0.103747,0.163945,0.271116
gleam-gt-depth,13,18,0.453452,0.033138,0.169409,0.110266,0.149314,0.254294
gleam-gt-depth,14,18,0.460784,0.036757,0.167260,0.108870,0.145701,0.255272
gleam-gt-depth,15,18,0.466022,0.038253,0.165527,0.108775,0.146373,0.256336
gleam-gt-depth,16,18,0.469286,0.040288,0.167742,0.110115,0.145675,0.257444
gleam-gt-depth,17,18,0.469950,0.040480,0.169330,0.105912,0.141829,0.257039
gleam-gt-depth,18,18,0.470379,0.040676,0.169128,0.105485,0.139839,0.257649
gleam-gt-depth,19,18,0.472299,0.042086,0.171743,0.102093,0.138357,0.256650
gleam-gt-depth,20,18,0.473689,0.044720,0.171710,0.102561,0.136581,0.256348
gleam-gt-depth,21,18,0.473972,0.045311,0.174131,0.100247,0.134925,0.256090
gleam-gt-depth,22,18,0.474623,0.046565,0.173999,0.099819,0.132527,0.255733
gleam-gt-depth,23,18,0.477302,0.049366,0.171910,0.099982,0.133155,0.255337
gleam-gt-depth,24,18,0.477469,0.049435,0.171680,0.099330,0.132249,0.255248
gleam-gt-depth,25,18,0.478462,0.051918,0.177485,0.097943,0.130892,0.255285
gleam-gt-depth,26,18,0.478495,0.051926,0.178577,0.098165,0.129826,0.255415
gleam-gt-depth,27,18,0.480165,0.052765,0.176893,0.097620,0.128425,0.255267
gleam-gt-depth,28,18,0.481159,0.054277,0.175229,0.098091,0.128559,0.255115
gleam-gt-depth,29,18,0.481853,0.054673,0.180623,0.096316,0.128218,0.254966
gleam-gt-depth,30,18,0.481877,0.054689,0.179963,0.096107,0.128538,0.254847
gleam-gt-depth,31,18,0.482206,0.054930,0.179564,0.096017,0.128334,0.254926
gleam-gt-depth,32,18,0.482521,0.055190,0.180029,0.096215,0.128692,0.254795
gleam-gt-depth,33,18,0.483105,0.055750,0.181054,0.096682,0.129252,0.254604
gleam-gt-depth,34,18,0.485063,0.058317,0.179483,0.096063,0.128765,0.254775
gleam-gt-depth,35,18,0.485192,0.058521,0.178584,0.095889,0.128576,0.254844
gleam-gt-depth,36,18,0.485224,0.058572,0.179369,0.096336,0.128934,0.254721
gleam-gt-depth,37,18,0.485805,0.059996,0.179578,0.096477,0.128998,0.254695
gleam-gt-depth,38,18,0.485998,0.060433,0.178825,0.096323,0.129473,0.254547
gleam-gt-depth,39,18,0.486296,0.061123,0.177281,0.096198,0.130247,0.254330
gleam-gt-depth,40,18,0.486464,0.061548,0.177584,0.096420,0.130385,0.254298
gleam-gt-depth,41,18,0.486790,0.062364,0.177315,0.097280,0.130536,0.254252
gleam-gt-depth,42,18,0.487306,0.063732,0.177344,0.097189,0.130073,0.254373
gleam-gt-depth,43,18,0.487363,0.063840,0.176811,0.096919,0.130102,0.254362
gleam-gt-depth,44,18,0.487416,0.063984,0.176058,0.096800,0.130474,0.254251
gleam-gt-depth,45,18,0.487505,0.064182,0.176829,0.097371,0.130741,0.254158
gleam-gt-depth,46,18,0.487965,0.065022,0.174587,0.096907,0.130290,0.254267
gleam-gt-depth,47,18,0.488325,0.065636,0.175210,0.097277,0.130630,0.254170
gleam-gt-depth,48,18,0.488411,0.065779,0.175260,0.097606,0.130664,0.254134
gleam-gt-depth,49,18,0.488586,0.066175,0.175423,0.097701,0.130417,0.254215
gleam-gt-depth,50,18,0.489303,0.067533,0.173956,0.097953,0.130413,0.254208
gleam-gt-depth,51,18,0.489593,0.068182,0.172885,0.098184,0.130665,0.254144
gleam-gt-depth,52,18,0.489754,0.068584,0.173010,0.098220,0.130900,0.254075
gleam-gt-depth,53,18,0.489815,0.068744,0.173457,0.098359,0.130841,0.254102
gleam-gt-depth,54,18,0.490004,0.069251,0.173720,0.098864,0.130982,0.254073
gleam-gt-depth,55,18,0.490451,0.070427,0.174914,0.099411,0.130870,0.254085
gleam-gt-depth,56,18,0.490544,0.070659,0.172917,0.098801,0.130959,0.254054
gleam-gt-depth,57,18,0.490587,0.070738,0.173880,0.098374,0.131240,0.253981
gleam-gt-depth,58,18,0.490886,0.071557,0.174040,0.098654,0.131110,0.254027
gleam-gt-depth,59,18,0.491095,0.072115,0.174224,0.098468,0.131383,0.253951
gleam-gt-depth,60,18,0.491285,0.072481,0.173516,0.098834,0.131030,0.254056
gleam-gt-depth,61,18,0.491320,0.072568,0.173563,0.098872,0.131083,0.254056
gleam-gt-depth,62,18,0.491364,0.072689,0.174059,0.099535,0.131169,0.254049
gleam-gt-depth,63,18,0.491457,0.072952,0.174669,0.100447,0.131130,0.254052
gleam-gt-depth,64,18,0.491601,0.073364,0.174025,0.099617,0.131067,0.254069
gleam-gt-depth,65,18,0.491615,0.073394,0.173662,0.099601,0.130828,0.254132
gleam-gt-depth,66,18,0.491631,0.073440,0.172976,0.099161,0.130579,0.254201
gleam-gt-depth,67,18,0.491658,0.073499,0.173742,0.099323,0.130527,0.254212
gleam-gt-depth,68,18,0.491664,0.073513,0.173236,0.098959,0.130436,0.254233
gleam-gt-depth,69,18,0.491736,0.073646,0.173441,0.098906,0.130212,0.254297
gleam-gt-depth,70,18,0.491740,0.073655,0.173455,0.099095,0.130068,0.254336
gleam-gt-depth,71,18,0.491785,0.073760,0.174518,0.099864,0.130063,0.254337
gleam-gt-depth,72,18,0.491797,0.073795,0.173741,0.099475,0.130060,0.254329
gleam-gt-depth,73,18,0.491822,0.073868,0.173869,0.099354,0.129959,0.254361
gleam-gt-depth,74,18,0.491826,0.073880,0.173670,0.099397,0.129886,0.254381
gleam-gt-depth,75,18,0.491828,0.073886,0.173964,0.099606,0.129895,0.254377
gleam-gt-depth,76,18,0.491842,0.073924,0.174048,0.099476,0.129899,0.254365
gleam-gt-depth,77,18,0.491870,0.074006,0.173793,0.099442,0.129822,0.254395
gleam-gt-depth,78,18,0.491876,0.074021,0.173361,0.099838,0.129719,0.254427
gleam-gt-depth,79,18,0.491912,0.074126,0.173385,0.100143,0.129783,0.254402
gleam-gt-depth,80,18,0.491913,0.074130,0.173298,0.100068,0.129751,0.254410
random,1,18,0.086018,0.030832,0.582968,0.331063,0.095649,0.070289
random,2,18,0.135080,0.040333,0.379839,0.136714,0.119904,0.161843
random,3,18,0.194325,0.045523,0.238741,0.145238,0.148417,0.148045
random,4,18,0.230993,0.057966,0.199845,0.115235,0.073238,0.065317
random,5,18,0.281451,0.058270,0.191082,0.111775,0.060022,0.044617
random,6,18,0.313693,0.062729,0.167832,0.109722,0.058141,0.047615
random,7,18,0.336134,0.060280,0.142223,0.103014,0.055329,0.044343
random,8,18,0.356491,0.049026,0.134195,0.081395,0.047356,0.032741
random,9,18,0.388304,0.038572,0.103253,0.071463,0.045853,0.035343
random,10,18,0.407602,0.040185,0.125638,0.089697,0.037706,0.026133
random,11,18,0.426433,0.036427,0.114112,0.086940,0.042456,0.027807
random,12,18,0.433719,0.038118,0.099993,0.069291,0.040515,0.025469
random,13,18,0.454788,0.034269,0.099870,0.066207,0.036677,0.024900
random,14,18,0.467967,0.031001,0.092755,0.069253,0.036455,0.024058
random,15,18,0.482931,0.023728,0.086756,0.063607,0.033706,0.020575
random,16,18,0.499141,0.020983,0.083872,0.069762,0.031563,0.018466
random,17,18,0.511504,0.026564,0.086085,0.074126,0.033260,0.019214
random,18,18,0.521284,0.024578,0.082916,0.066548,0.030817,0.016491
random,19,18,0.530360,0.026377,0.081794,0.067430,0.031199,0.016928
random,20,18,0.538169,0.027252,0.077804,0.065806,0.029501,0.014097
random,21,18,0.546973,0.032558,0.081402,0.075648,0.029150,0.014622
random,22,18,0.554549,0.029780,0.069861,0.052536,0.029253,0.013905
random,23,18,0.559842,0.028511,0.065159,0.041534,0.026945,0.011337
random,24,18,0.564045,0.027396,0.070667,0.045041,0.025610,0.011295
random,25,18,0.567451,0.023075,0.071137,0.048309,0.026072,0.010627
random,26,18,0.570883,0.023045,0.072007,0.052477,0.026331,0.010341
random,27,18,0.574810,0.022331,0.066729,0.041641,0.025621,0.009446
random,28,18,0.582079,0.021523,0.067753,0.043855,0.027124,0.010639
random,29,18,0.587069,0.024528,0.069835,0.047714,0.028241,0.012320
random,30,18,0.591173,0.023029,0.068366,0.041218,0.028100,0.012404
random,31,18,0.594668,0.022700,0.068348,0.039845,0.027527,0.012151
random,32,18,0.598355,0.023532,0.066086,0.037953,0.027294,0.012681
random,33,18,0.607253,0.024673,0.060435,0.030634,0.027170,0.011476
random,34,18,0.610178,0.025496,0.059809,0.034064,0.028540,0.013551
random,35,18,0.613418,0.025613,0.058001,0.038875,0.027137,0.012426
random,36,18,0.616212,0.025750,0.055625,0.030459,0.026330,0.011453
random,37,18,0.617550,0.026396,0.053770,0.025025,0.025334,0.011367
random,38,18,0.623065,0.024221,0.051935,0.023649,0.025536,0.012278
random,39,18,0.625400,0.024801,0.049981,0.018850,0.024975,0.012125
random,40,18,0.626484,0.025218,0.049392,0.017624,0.024878,0.012728
random,41,18,0.628386,0.024214,0.047746,0.014693,0.025271,0.013180
random,42,18,0.630482,0.025281,0.047789,0.015025,0.024602,0.013111
random,43,18,0.631711,0.025906,0.047339,0.014404,0.024716,0.013420
random,44,18,0.633463,0.026122,0.046591,0.013226,0.024604,0.013194
random,45,18,0.634724,0.026655,0.046704,0.013141,0.024632,0.013494
random,46,18,0.635775,0.026463,0.047072,0.012674,0.024367,0.013225
random,47,18,0.637167,0.027295,0.048346,0.015342,0.024015,0.013148
random,48,18,0.638088,0.027678,0.046638,0.013632,0.024204,0.012980
random,49,18,0.638502,0.027797,0.046306,0.013573,0.024459,0.012903
random,50,18,0.639058,0.028026,0.046164,0.014263,0.024265,0.012744
random,51,18,0.639802,0.027907,0.046776,0.018839,0.024367,0.012495
random,52,18,0.640262,0.027655,0.044395,0.010733,0.024678,0.012599
random,53,18,0.640597,0.027935,0.043190,0.007666,0.024741,0.012530
random,54,18,0.640837,0.028064,0.044955,0.014324,0.024944,0.012449
random,55,18,0.640951,0.028107,0.045366,0.016013,0.024884,0.012453
random,56,18,0.641249,0.028007,0.046002,0.018644,0.024897,0.012521
random,57,18,0.641438,0.028078,0.047968,0.026164,0.025023,0.012580
random,58,18,0.641445,0.028082,0.046029,0.018451,0.025054,0.012556
random,59,18,0.641445,0.028082,0.046029,0.018451,0.025054,0.012556
random,60,18,0.641445,0.028082,0.046029,0.018451,0.025054,0.012556
random,61,18,0.641445,0.028082,0.046029,0.018451,0.025054,0.012556
random,62,18,0.641445,0.028082,0.046029,0.018451,0.025054,0.012556
random,63,18,0.641445,0.028082,0.046029,0.018451,0.025054,0.012556
random,64,18,0.641445,0.028082,0.046029,0.018451,0.025054,0.012556
random,65,18,0.641445,0.028082,0.046029,0.018451,0.025054,0.012556
random,66,18,0.641445,0.028082,0.046029,0.018451,0.025054,0.012556
random,67,18,0.641445,0.028082,0.046029,0.018451,0.025054,0.012556
random,68,18,0.641445,0.028082,0.046029,0.018451,0.025054,0.012556
random,69,18,0.641445,0.028082,0.046029,0.018451,0.025054,0.012556
random,70,18,0.641445,0.028082,0.046029,0.018451,0.025054,0.012556
random,71,18,0.641445,0.028082,0.046029,0.018451,0.025054,0.012556
random,72,18,0.641445,0.028082,0.046029,0.018451,0.025054,0.012556
random,73,18,0.641445,0.028082,0.046029,0.018451,0.025054,0.012556
random,74,18,0.641445,0.028082,0.046029,0.018451,0.025054,0.012556
random,75,18,0.641445,0.028082,0.046029,0.018451,0.025054,0.012556
random,76,18,0.641445,0.028082,0.046029,0.018451,0.025054,0.012556
random,77,18,0.641445,0.028082,0.046029,0.018451,0.025054,0.012556
random,78,18,0.641445,0.028082,0.046029,0.018451,0.025054,0.012556
random,79,18,0.641445,0.028082,0.046029,0.018451,0.025054,0.012556
random,80,18,0.641445,0.028082,0.046029,0.018451,0.025054,0.012556
